client_id,nom,prenom,pays,date_eff
512922,Gendron,Frédéric,KR,2026-09-13T00:00:00
123158,Labbé,Emma,MV,2026-09-13T00:00:00
224995,Gagné,Thérèse,FR,2026-09-13T00:00:00
503286,Trépanier,Noël,SB,2026-09-13T00:00:00
588141,Drolet,Céline,WS,2026-09-13T00:00:00
156404,Laplante,Michelle,NG,2026-09-13T00:00:00
454049,Lachapelle,Jeannine,BI,2026-09-13T00:00:00
796455,Maltais,Nicolas,SN,2026-09-13T00:00:00
996996,Lamontagne,Noémie,BJ,2026-09-13T00:00:00
360668,Gendron,Pénélope,IS,2026-09-13T00:00:00
367807,Ménard,Henri,BD,2026-09-13T00:00:00
629715,Poirier,Pauline,LS,2026-09-13T00:00:00
711609,Labelle,Victor,IT,2026-09-13T00:00:00
671874,Pépin,Vincent,MC,2026-09-13T00:00:00
702158,Sirois,Sarah,RU,2026-09-13T00:00:00
217295,Noël,Noël,PT,2026-09-13T00:00:00
218633,Thériault,Thomas,LU,2026-09-13T00:00:00
309307,Lavigne,André,CO,2026-09-13T00:00:00
810061,Champagne,Denise,NL,2026-09-13T00:00:00
578602,Trottier,Béatrice,CL,2026-09-13T00:00:00
990983,St-Pierre,Colette,PK,2026-09-13T00:00:00
173554,Fillion,Valérie,KR,2026-09-13T00:00:00
892498,Fillion,Jessica,CF,2026-09-13T00:00:00
701633,Robitaille,Constance,GE,2026-09-13T00:00:00
910636,Turgeon,Anne,ET,2026-09-13T00:00:00
198323,Desrochers,Patrick,PH,2026-09-13T00:00:00
486103,Ménard,Jacqueline,LV,2026-09-13T00:00:00
820113,Asselin,Cécile,AE,2026-09-13T00:00:00
781941,Trudel,Joséphine,JP,2026-09-13T00:00:00
822821,Larouche,Paul,KG,2026-09-13T00:00:00
160238,Pouliot,Arthur,PS,2026-09-13T00:00:00
874937,Champagne,Noémie,WS,2026-09-13T00:00:00
378576,Parent,Emmanuel,AE,2026-09-13T00:00:00
359325,St-Jean,Marianne,NE,2026-09-13T00:00:00
541577,Bisson,Florence,PH,2026-09-13T00:00:00
600210,Brassard,Henriette,TO,2026-09-13T00:00:00
663285,Hébert,Édith,VN,2026-09-13T00:00:00
203788,Trépanier,Emmanuel,HN,2026-09-13T00:00:00
901477,Boulanger,Dominique,ER,2026-09-13T00:00:00
343312,Poulin,Marianne,RU,2026-09-13T00:00:00
760897,Rioux,Théodore,TL,2026-09-13T00:00:00
336518,Coulombe,Laetitia,BA,2026-09-13T00:00:00
307924,Lavallée,Jacqueline,HR,2026-09-13T00:00:00
138108,Savoie,Frédérique,NP,2026-09-13T00:00:00
631298,Labonté,Aurélie,MG,2026-09-13T00:00:00
440335,Lauzon,Vincent,TD,2026-09-13T00:00:00
347445,Bolduc,Josette,CF,2026-09-13T00:00:00
728904,Denis,Isabelle,ZM,2026-09-13T00:00:00
226351,Guay,Joseph,AU,2026-09-13T00:00:00
700128,Audet,Josette,SZ,2026-09-13T00:00:00
467487,Beaudry,Maude,DE,2026-09-13T00:00:00
727029,Dupuis,Christelle,AE,2026-09-13T00:00:00
665864,Vaillancourt,Joseph,UZ,2026-09-13T00:00:00
699870,Boutin,Dominique,ME,2026-09-13T00:00:00
885265,Boudreau,Julien,SA,2026-09-13T00:00:00
569042,Beaudry,Camille,ML,2026-09-13T00:00:00
399617,Beauregard,Pierre,NP,2026-09-13T00:00:00
823260,Gélinas,Alexis,RO,2026-09-13T00:00:00
374888,Arsenault,Sylvie,CM,2026-09-13T00:00:00
640169,Marcoux,Andrée,ZA,2026-09-13T00:00:00
309557,Laliberté,Clémence,RU,2026-09-13T00:00:00
150935,Lamontagne,Christine,KR,2026-09-13T00:00:00
102589,Lachapelle,Maurice,OM,2026-09-13T00:00:00
122094,Lefebvre,Richard,LU,2026-09-13T00:00:00
421162,Paré,Océane,EE,2026-09-13T00:00:00
363779,Tardif,Sarah,LT,2026-09-13T00:00:00
150205,Martel,Nathalie,HR,2026-09-13T00:00:00
269345,Dion,Marcelle,MV,2026-09-13T00:00:00
428432,Trépanier,Emmanuelle,TR,2026-09-13T00:00:00
231928,Auger,Luc,CO,2026-09-13T00:00:00
617675,Leclerc,Stéphane,GN,2026-09-13T00:00:00
641139,Pépin,Jonathan,UZ,2026-09-13T00:00:00
534376,Tessier,Édith,VC,2026-09-13T00:00:00
671661,Gendron,Simone,BH,2026-09-13T00:00:00
759913,Lamoureux,Jessica,SI,2026-09-13T00:00:00
929462,Laflamme,Chantal,ML,2026-09-13T00:00:00
602648,Langlois,Élisabeth,TM,2026-09-13T00:00:00
620724,Drolet,Samuel,LV,2026-09-13T00:00:00
758492,Paré,Stéphanie,AD,2026-09-13T00:00:00
825568,Giguère,Noël,LK,2026-09-13T00:00:00
316930,Charbonneau,Sylvie,TH,2026-09-13T00:00:00
321185,Trudel,Alex,SA,2026-09-13T00:00:00
440883,Robert,Maryse,IS,2026-09-13T00:00:00
445294,Dion,Monique,SD,2026-09-13T00:00:00
195392,Tessier,Michel,AU,2026-09-13T00:00:00
435316,Lebel,Nathalie,TV,2026-09-13T00:00:00
422412,Charette,Louise,AT,2026-09-13T00:00:00
723155,Dufour,Célina,HU,2026-09-13T00:00:00
367469,Bergeron,Bertrand,SR,2026-09-13T00:00:00
573949,Tessier,Noémie,FI,2026-09-13T00:00:00
544427,Bolduc,Simone,NR,2026-09-13T00:00:00
808188,Rivard,Mathieu,EC,2026-09-13T00:00:00
833658,Michaud,Julien,PG,2026-09-13T00:00:00
137182,Boivin,Henriette,BJ,2026-09-13T00:00:00
768859,Marcotte,Emma,DE,2026-09-13T00:00:00
220053,Béland,Robert,ID,2026-09-13T00:00:00
568689,Lemire,Jules,IS,2026-09-13T00:00:00
411173,Lévesque,Béatrice,IQ,2026-09-13T00:00:00
157988,Thibodeau,Nathalie,TR,2026-09-13T00:00:00
241521,St-Pierre,Nathan,KR,2026-09-13T00:00:00
352774,Mathieu,Margaret,CO,2026-09-13T00:00:00
875852,Marchand,Hélène,TM,2026-09-13T00:00:00
984532,Lapointe,Lucy,VC,2026-09-13T00:00:00
360191,Brisson,Patrick,RW,2026-09-13T00:00:00
259364,Ferland,Sophie,KR,2026-09-13T00:00:00
870040,Simard,Virginie,BA,2026-09-13T00:00:00
538639,Dufour,Lucy,LC,2026-09-13T00:00:00
805790,Larivière,Florence,CF,2026-09-13T00:00:00
775976,Asselin,Vincent,NP,2026-09-13T00:00:00
423691,Pelletier,Pierre,AG,2026-09-13T00:00:00
145866,Lévesque,Roland,SB,2026-09-13T00:00:00
972265,Vachon,Marguerite,FJ,2026-09-13T00:00:00
581426,Noël,Colette,FJ,2026-09-13T00:00:00
481796,Blanchette,Daniel,AL,2026-09-13T00:00:00
338712,Lévesque,Martine,YE,2026-09-13T00:00:00
130227,Gendron,Kevin,ME,2026-09-13T00:00:00
724115,Dupont,Gérard,ML,2026-09-13T00:00:00
985799,Laflamme,Marianne,SV,2026-09-13T00:00:00
831441,Poulin,Noémie,HR,2026-09-13T00:00:00
165278,Létourneau,Vincent,TV,2026-09-13T00:00:00
756243,Savard,Lucas,ES,2026-09-13T00:00:00
786256,Ferland,Jules,RW,2026-09-13T00:00:00
299310,Grégoire,Denise,YE,2026-09-13T00:00:00
486643,Gravel,Laurence,ML,2026-09-13T00:00:00
925514,Provost,Nathalie,HN,2026-09-13T00:00:00
870449,Bolduc,Virginie,SZ,2026-09-13T00:00:00
813043,Fréchette,Gérard,GE,2026-09-13T00:00:00
843242,Daigle,David,NP,2026-09-13T00:00:00
333161,Dubois,Marianne,AR,2026-09-13T00:00:00
113222,Gagnon,Frédérique,MR,2026-09-13T00:00:00
669881,Thibault,Mathilde,TL,2026-09-13T00:00:00
152682,Coulombe,Paul,NG,2026-09-13T00:00:00
913339,Roy,Laurie,SB,2026-09-13T00:00:00
327267,Boucher,Laurence,AM,2026-09-13T00:00:00
104930,Lavoie,Josette,LU,2026-09-13T00:00:00
578414,Richer,Patrick,PE,2026-09-13T00:00:00
912271,Pépin,Pénélope,CF,2026-09-13T00:00:00
597588,Lambert,Théodore,RU,2026-09-13T00:00:00
272525,Dion,Charlotte,SI,2026-09-13T00:00:00
504960,Charron,Alexandre,GM,2026-09-13T00:00:00
908498,Lavallée,Bernard,SK,2026-09-13T00:00:00
380758,Thibodeau,Andrée,NE,2026-09-13T00:00:00
535597,Lachance,Emma,PT,2026-09-13T00:00:00
341641,St-Laurent,François,TR,2026-09-13T00:00:00
699217,Doucet,Emmanuelle,RW,2026-09-13T00:00:00
898216,Dumont,Élisabeth,CU,2026-09-13T00:00:00
611905,Simard,Henri,SL,2026-09-13T00:00:00
866504,Bélisle,Georges,MG,2026-09-13T00:00:00
248993,Tanguay,Aurore,CO,2026-09-13T00:00:00
147345,Dufour,Marguerite,TV,2026-09-13T00:00:00
339141,Fortin,Xavier,PY,2026-09-13T00:00:00
966161,Provost,Charlotte,GM,2026-09-13T00:00:00
206838,Desrochers,Grégoire,BZ,2026-09-13T00:00:00
914944,Proulx,Sébastien,EG,2026-09-13T00:00:00
420806,Savard,Karine,LA,2026-09-13T00:00:00
658361,Bertrand,Raphaël,KR,2026-09-13T00:00:00
610842,Parent,Stéphane,VE,2026-09-13T00:00:00
251505,Girard,Jeanne,GH,2026-09-13T00:00:00
859767,Gingras,Mathilde,SE,2026-09-13T00:00:00
349996,Côté,Nathalie,DJ,2026-09-13T00:00:00
994672,Lachapelle,Pénélope,AT,2026-09-13T00:00:00
638546,Bergeron,Michèle,VU,2026-09-13T00:00:00
144847,Gélinas,Roger,BA,2026-09-13T00:00:00
730737,Richard,Victor,CV,2026-09-13T00:00:00
983412,Martin,Marc,CA,2026-09-13T00:00:00
904280,Bérubé,Paul,CO,2026-09-13T00:00:00
255510,Lacasse,Thomas,GT,2026-09-13T00:00:00
182863,Lapointe,Patricia,MC,2026-09-13T00:00:00
485185,Ferland,Emmanuelle,MN,2026-09-13T00:00:00
538673,Dumas,Emmanuel,MR,2026-09-13T00:00:00
299978,Parent,Margaret,RU,2026-09-13T00:00:00
767280,Lavoie,Célina,PT,2026-09-13T00:00:00
884425,Veilleux,Marianne,AU,2026-09-13T00:00:00
449464,Parent,Thérèse,PG,2026-09-13T00:00:00
439706,Archambault,Benjamin,CL,2026-09-13T00:00:00
764061,Laplante,Andrée,TZ,2026-09-13T00:00:00
479198,Lefebvre,Monique,KN,2026-09-13T00:00:00
112916,Boutin,Xavier,QA,2026-09-13T00:00:00
933384,Auger,Cécile,IR,2026-09-13T00:00:00
645463,Drouin,Isabelle,CZ,2026-09-13T00:00:00
112107,Bernier,Caroline,BB,2026-09-13T00:00:00
338828,Turcotte,Marguerite,GA,2026-09-13T00:00:00
215779,Fontaine,Édith,ZW,2026-09-13T00:00:00
646336,Maltais,Benjamin,GT,2026-09-13T00:00:00
790347,Chabot,Louise,SB,2026-09-13T00:00:00
985574,Paquette,Alexandra,CV,2026-09-13T00:00:00
321652,Poulin,Kevin,LR,2026-09-13T00:00:00
910868,Gosselin,Constance,KR,2026-09-13T00:00:00
853585,Hamel,Marie,BD,2026-09-13T00:00:00
890202,Richard,Audrey,AG,2026-09-13T00:00:00
206387,Pépin,Jeannine,RW,2026-09-13T00:00:00
192345,Smith,Yves,ZA,2026-09-13T00:00:00
438664,Turgeon,Diane,KZ,2026-09-13T00:00:00
418407,Savard,Sophie,BB,2026-09-13T00:00:00
160788,Lepage,Joséphine,KP,2026-09-13T00:00:00
848168,Massé,Audrey,MT,2026-09-13T00:00:00
764372,Tessier,Mathilde,MM,2026-09-13T00:00:00
235317,Smith,Charlotte,TJ,2026-09-13T00:00:00
301512,Marcotte,Margaret,MW,2026-09-13T00:00:00
517856,Lafontaine,Sylvie,TZ,2026-09-13T00:00:00
613674,Fréchette,Pierre,LB,2026-09-13T00:00:00
232934,Drouin,Étienne,MV,2026-09-13T00:00:00
924587,Labonté,Lucie,CV,2026-09-13T00:00:00
112039,Desrochers,Alice,ES,2026-09-13T00:00:00
161878,Germain,Noémie,IN,2026-09-13T00:00:00
299332,Charbonneau,Célina,HR,2026-09-13T00:00:00
618408,St-Pierre,Alex,LY,2026-09-13T00:00:00
375255,Rodrigue,Lucas,ZA,2026-09-13T00:00:00
192785,Potvin,Christine,PE,2026-09-13T00:00:00
641552,Brassard,Marcelle,CG,2026-09-13T00:00:00
638749,Lacasse,Marianne,MK,2026-09-13T00:00:00
555925,Langlois,Anaïs,CV,2026-09-13T00:00:00
524885,Lambert,Maryse,SE,2026-09-13T00:00:00
366778,Rodrigue,Andrée,UY,2026-09-13T00:00:00
777247,Desrosiers,Benjamin,AO,2026-09-13T00:00:00
746108,Landry,Mélanie,SR,2026-09-13T00:00:00
261521,Potvin,Cécile,TG,2026-09-13T00:00:00
639817,Trépanier,Laurent,LT,2026-09-13T00:00:00
838394,Rodrigue,Henriette,BO,2026-09-13T00:00:00
224511,Fortier,Astrid,BG,2026-09-13T00:00:00
533096,Duguay,Mélanie,BO,2026-09-13T00:00:00
582203,Rodrigue,Jacqueline,AT,2026-09-13T00:00:00
142292,Boisvert,Christine,PW,2026-09-13T00:00:00
533613,Séguin,Hélène,EE,2026-09-13T00:00:00
610386,Tanguay,Alice,NE,2026-09-13T00:00:00
879284,Guillemette,Laetitia,DZ,2026-09-13T00:00:00
342388,Dumont,Martin,LY,2026-09-13T00:00:00
780593,Asselin,Julien,ZA,2026-09-13T00:00:00
377754,Demers,Audrey,SR,2026-09-13T00:00:00
472242,Caron,Michel,KM,2026-09-13T00:00:00
998032,Couture,Camille,GA,2026-09-13T00:00:00
491573,Allard,Arthur,DZ,2026-09-13T00:00:00
174942,Lavallée,Océane,SM,2026-09-13T00:00:00
696600,Proulx,Martine,TR,2026-09-13T00:00:00
212231,Picard,Kevin,AO,2026-09-13T00:00:00
811609,Chartrand,Charlotte,AO,2026-09-13T00:00:00
576349,Thibodeau,Danielle,AZ,2026-09-13T00:00:00
100540,Laroche,Roland,MD,2026-09-13T00:00:00
302693,Patel,Mathilde,FR,2026-09-13T00:00:00
679229,Lemire,Noémie,ZM,2026-09-13T00:00:00
538228,Durand,Odette,SE,2026-09-13T00:00:00
850891,Lussier,Louise,AF,2026-09-13T00:00:00
131840,St-Pierre,Roland,KH,2026-09-13T00:00:00
375998,Massé,Anouk,GN,2026-09-13T00:00:00
961555,Jean,Renée,DK,2026-09-13T00:00:00
811396,Chartrand,Jacques,MK,2026-09-13T00:00:00
298696,Bernard,Paul,TM,2026-09-13T00:00:00
266193,Dallaire,Claude,LS,2026-09-13T00:00:00
812896,Turcotte,Juliette,TR,2026-09-13T00:00:00
933766,Thibault,Patricia,VU,2026-09-13T00:00:00
669620,Larivière,Odette,BA,2026-09-13T00:00:00
593439,Carrier,Vanessa,VU,2026-09-13T00:00:00
235576,Roy,Michelle,IT,2026-09-13T00:00:00
260257,St-Onge,Christiane,CI,2026-09-13T00:00:00
442808,Boulanger,Bertrand,RO,2026-09-13T00:00:00
796293,Pouliot,Noémie,NI,2026-09-13T00:00:00
459046,Nadeau,Roger,GH,2026-09-13T00:00:00
801967,Perreault,Nicolas,GM,2026-09-13T00:00:00
484808,Prévost,Nathalie,US,2026-09-13T00:00:00
246278,Poulin,Sébastien,KG,2026-09-13T00:00:00
867011,Bélisle,Marguerite,RW,2026-09-13T00:00:00
130889,Lapointe,Julien,TH,2026-09-13T00:00:00
874937,Couture,Gilbert,GT,2026-09-13T00:00:00
856644,Lussier,Simone,AU,2026-09-13T00:00:00
247895,Piché,Lucas,GR,2026-09-13T00:00:00
549177,Germain,Vanessa,AD,2026-09-13T00:00:00
389972,Provost,Amélie,CH,2026-09-13T00:00:00
128843,Smith,Maryse,RS,2026-09-13T00:00:00
759710,Bergeron,Nathalie,SZ,2026-09-13T00:00:00
897617,Lavoie,Émilie,HR,2026-09-13T00:00:00
518240,Houde,Célina,UA,2026-09-13T00:00:00
365416,Paradis,Roland,LA,2026-09-13T00:00:00
539995,Turgeon,Cécile,PY,2026-09-13T00:00:00
614241,Arsenault,Christiane,HN,2026-09-13T00:00:00
212039,Gendron,Astrid,ET,2026-09-13T00:00:00
186447,Grenier,René,AO,2026-09-13T00:00:00
132022,Blais,Jean,LA,2026-09-13T00:00:00
716672,Boily,Timothée,BT,2026-09-13T00:00:00
110393,Dumas,Denis,BE,2026-09-13T00:00:00
522818,Poirier,Jean,HU,2026-09-13T00:00:00
832284,Marcoux,Émilie,HT,2026-09-13T00:00:00
277024,Gravel,Alexis,BI,2026-09-13T00:00:00
734761,Deschênes,Denise,LI,2026-09-13T00:00:00
813131,Laplante,Susanne,MN,2026-09-13T00:00:00
725693,Létourneau,Luc,FI,2026-09-13T00:00:00
892106,Ferland,Jeannine,FM,2026-09-13T00:00:00
698897,Mercier,Grégoire,TG,2026-09-13T00:00:00
494121,Lamoureux,Élise,AG,2026-09-13T00:00:00
599529,Giroux,Béatrice,TO,2026-09-13T00:00:00
457165,Lavoie,René,CL,2026-09-13T00:00:00
947472,Béland,Diane,TH,2026-09-13T00:00:00
874334,Benoît,Denise,NE,2026-09-13T00:00:00
778849,Provost,Odette,UZ,2026-09-13T00:00:00
750668,Deschênes,Gabriel,AE,2026-09-13T00:00:00
166669,Carrier,Bernard,SN,2026-09-13T00:00:00
635300,Lapierre,William,BB,2026-09-13T00:00:00
343365,Robitaille,Sarah,NL,2026-09-13T00:00:00
595760,Labrecque,Marguerite,IQ,2026-09-13T00:00:00
907801,Guay,Maxime,GY,2026-09-13T00:00:00
268989,Hébert,Raymond,PY,2026-09-13T00:00:00
750970,Paradis,Benoît,MW,2026-09-13T00:00:00
474921,Lachapelle,Juliette,MD,2026-09-13T00:00:00
727154,Hamel,Clémence,RW,2026-09-13T00:00:00
537695,Ferland,Anaïs,MV,2026-09-13T00:00:00
483586,Legault,Margaret,MH,2026-09-13T00:00:00
103665,Gravel,Danielle,AD,2026-09-13T00:00:00
394543,Vachon,René,IE,2026-09-13T00:00:00
197592,Drouin,Éléonore,PY,2026-09-13T00:00:00
552253,Robert,Élisabeth,MR,2026-09-13T00:00:00
430577,Massé,Henriette,IL,2026-09-13T00:00:00
294057,Rivard,Éric,EC,2026-09-13T00:00:00
175498,Brisson,Mélanie,LT,2026-09-13T00:00:00
909296,Tardif,Xavier,SL,2026-09-13T00:00:00
287604,Jean,Charles,VE,2026-09-13T00:00:00
359875,Lemieux,Paul,TL,2026-09-13T00:00:00
913304,Pépin,Vanessa,MD,2026-09-13T00:00:00
163364,Durand,Jérôme,IT,2026-09-13T00:00:00
449261,Lavoie,Maxime,LB,2026-09-13T00:00:00
356190,Bélanger,Charlotte,HN,2026-09-13T00:00:00
691909,Boutin,Sarah,AL,2026-09-13T00:00:00
689592,Piché,Étienne,MH,2026-09-13T00:00:00
620247,Girard,Roger,HN,2026-09-13T00:00:00
655026,Patel,Daniel,ZW,2026-09-13T00:00:00
825336,Robert,Sylvie,AU,2026-09-13T00:00:00
659428,Trépanier,Zacharie,UZ,2026-09-13T00:00:00
966254,Audet,Célina,AM,2026-09-13T00:00:00
546931,Grenier,Charles,YE,2026-09-13T00:00:00
894454,Dubois,Victor,BZ,2026-09-13T00:00:00
194520,Laflamme,Michèle,TH,2026-09-13T00:00:00
833649,Dallaire,Thomas,VA,2026-09-13T00:00:00
729620,Smith,Jérôme,VE,2026-09-13T00:00:00
206258,Rivard,Émilie,DM,2026-09-13T00:00:00
432846,Boulanger,Emma,LK,2026-09-13T00:00:00
604785,St-Onge,Alexandra,TT,2026-09-13T00:00:00
615340,Gagnon,Édith,SC,2026-09-13T00:00:00
506321,Béland,Mathieu,TM,2026-09-13T00:00:00
480027,Pouliot,Marianne,PL,2026-09-13T00:00:00
581271,Legault,Alexis,ME,2026-09-13T00:00:00
587098,Therrien,Paulette,MG,2026-09-13T00:00:00
826348,Jean,Emma,IE,2026-09-13T00:00:00
478632,Langlois,Susanne,MK,2026-09-13T00:00:00
532577,Lachapelle,Denis,PK,2026-09-13T00:00:00
772744,Blouin,Nicolas,LI,2026-09-13T00:00:00
211359,Dubois,Maryse,UA,2026-09-13T00:00:00
598685,Plourde,Hélène,RU,2026-09-13T00:00:00
190648,Asselin,Océane,CY,2026-09-13T00:00:00
920804,Caron,Guillaume,TV,2026-09-13T00:00:00
219858,Tardif,Olivia,CR,2026-09-13T00:00:00
940103,Roberge,Clémence,LV,2026-09-13T00:00:00
515546,Boulanger,Zacharie,LR,2026-09-13T00:00:00
446344,Ferland,Océane,TH,2026-09-13T00:00:00
133245,Poirier,Émilie,GM,2026-09-13T00:00:00
262511,Vincent,Vanessa,AD,2026-09-13T00:00:00
280464,Girard,Océane,GW,2026-09-13T00:00:00
739029,Lambert,William,BA,2026-09-13T00:00:00
499443,Marchand,Michèle,AU,2026-09-13T00:00:00
385677,Bédard,Élodie,EE,2026-09-13T00:00:00
960693,Dubé,Gilbert,SM,2026-09-13T00:00:00
352011,Trépanier,Pauline,DM,2026-09-13T00:00:00
390711,Bertrand,Vincent,SC,2026-09-13T00:00:00
339029,Lamoureux,Roger,KN,2026-09-13T00:00:00
224735,Martel,Laurence,CM,2026-09-13T00:00:00
399922,Rivard,Luc,GE,2026-09-13T00:00:00
826544,Pelletier,Manon,MH,2026-09-13T00:00:00
462591,Coulombe,Henri,PK,2026-09-13T00:00:00
892428,Fortier,Kevin,LV,2026-09-13T00:00:00
269898,Lavallée,Manon,BY,2026-09-13T00:00:00
788660,Cloutier,Yves,CR,2026-09-13T00:00:00
809366,Therrien,Benjamin,SZ,2026-09-13T00:00:00
996068,Thibault,Pierre,BH,2026-09-13T00:00:00
220870,Mathieu,Philippe,TL,2026-09-13T00:00:00
296707,Dufour,Élodie,BH,2026-09-13T00:00:00
781435,Gélinas,Édouard,LA,2026-09-13T00:00:00
677540,Tanguay,Françoise,CL,2026-09-13T00:00:00
680524,Charron,Margaret,US,2026-09-13T00:00:00
914869,Vallée,Mathilde,CV,2026-09-13T00:00:00
595834,Godin,Rosalie,SA,2026-09-13T00:00:00
636101,Bernier,Julien,BA,2026-09-13T00:00:00
640198,Nguyen,Aurore,TL,2026-09-13T00:00:00
785319,Fillion,Mathieu,GN,2026-09-13T00:00:00
468233,Soucy,Julie,GB,2026-09-13T00:00:00
889922,Drolet,Michel,TT,2026-09-13T00:00:00
461579,Audet,Virginie,ZM,2026-09-13T00:00:00
269094,Richard,Charlotte,VE,2026-09-13T00:00:00
675303,Germain,Gilbert,ZA,2026-09-13T00:00:00
758985,Brunet,Emma,UG,2026-09-13T00:00:00
203218,Vaillancourt,Marie,TZ,2026-09-13T00:00:00
667224,Laliberté,Valérie,GY,2026-09-13T00:00:00
291577,Racine,Marie,HN,2026-09-13T00:00:00
972777,Labbé,Denise,MD,2026-09-13T00:00:00
597479,Couture,Marianne,NR,2026-09-13T00:00:00
169930,Boisvert,Simone,BS,2026-09-13T00:00:00
181485,Archambault,Sarah,SZ,2026-09-13T00:00:00
359046,Marcotte,Maurice,SO,2026-09-13T00:00:00
351539,Charest,Anaïs,NA,2026-09-13T00:00:00
314595,Couture,Frédérique,BB,2026-09-13T00:00:00
450323,Dupuis,Guillaume,IQ,2026-09-13T00:00:00
308825,Piché,Sarah,JP,2026-09-13T00:00:00
293528,Laplante,Jessica,IN,2026-09-13T00:00:00
649059,Brunet,Valérie,DM,2026-09-13T00:00:00
560306,Goulet,Benjamin,CL,2026-09-13T00:00:00
199365,Ferland,Roger,BZ,2026-09-13T00:00:00
607586,Vincent,François,TN,2026-09-13T00:00:00
639416,Lamoureux,Zacharie,GM,2026-09-13T00:00:00
691266,Deschênes,Daniel,PH,2026-09-13T00:00:00
231507,Fillion,Lorraine,NP,2026-09-13T00:00:00
189643,Tremblay,Jules,KM,2026-09-13T00:00:00
710405,Goulet,Frédérique,AT,2026-09-13T00:00:00
139135,St-Laurent,Manon,ML,2026-09-13T00:00:00
837008,Létourneau,Élisabeth,HR,2026-09-13T00:00:00
564515,Lefebvre,François,BJ,2026-09-13T00:00:00
390303,Poirier,Gilbert,GR,2026-09-13T00:00:00
639270,Dionne,Julien,LK,2026-09-13T00:00:00
454471,Dumont,Caroline,BI,2026-09-13T00:00:00
500062,Demers,Michelle,LI,2026-09-13T00:00:00
529703,Lepage,Antoine,PA,2026-09-13T00:00:00
139057,Perreault,Martine,TM,2026-09-13T00:00:00
821407,Larose,Noël,BB,2026-09-13T00:00:00
709008,Lambert,Maude,TM,2026-09-13T00:00:00
515629,Perron,Marcelle,SA,2026-09-13T00:00:00
322581,Lavoie,Martin,GB,2026-09-13T00:00:00
928352,Houle,Grégoire,MU,2026-09-13T00:00:00
508254,Pépin,Noémie,KZ,2026-09-13T00:00:00
183525,Fillion,Alex,DJ,2026-09-13T00:00:00
724532,Nguyen,Josette,MU,2026-09-13T00:00:00
754892,Ouellet,Béatrice,LU,2026-09-13T00:00:00
981624,Béland,Michèle,MM,2026-09-13T00:00:00
551331,Boivin,Martine,UA,2026-09-13T00:00:00
579994,Morissette,Frédérique,HT,2026-09-13T00:00:00
516645,Bergeron,Pierre,MX,2026-09-13T00:00:00
474125,Hamel,Françoise,ML,2026-09-13T00:00:00
238503,Soucy,Emmanuel,BS,2026-09-13T00:00:00
106048,Lemay,Édith,GM,2026-09-13T00:00:00
516884,Gilbert,Victor,GD,2026-09-13T00:00:00
704556,Lessard,Jérôme,MZ,2026-09-13T00:00:00
219288,Boudreau,Nicole,NZ,2026-09-13T00:00:00
666732,Soucy,Sylvie,PH,2026-09-13T00:00:00
486993,Martel,Gérard,PS,2026-09-13T00:00:00
714235,Allard,Claire,DJ,2026-09-13T00:00:00
359835,Grenier,Éléonore,TL,2026-09-13T00:00:00
495866,Lemay,Lorraine,TL,2026-09-13T00:00:00
324106,St-Jean,Cécile,US,2026-09-13T00:00:00
724231,Lemire,Alice,MN,2026-09-13T00:00:00
766681,Bolduc,Arthur,IN,2026-09-13T00:00:00
816569,Cyr,Frédérique,CZ,2026-09-13T00:00:00
774247,Langlois,Hugues,HN,2026-09-13T00:00:00
727135,Caron,Pierre,IE,2026-09-13T00:00:00
136148,Larivière,Florence,LI,2026-09-13T00:00:00
159753,Benoît,Patrick,ZW,2026-09-13T00:00:00
967564,Patel,Bertrand,BD,2026-09-13T00:00:00
217291,Duguay,Alice,SE,2026-09-13T00:00:00
196953,Bilodeau,Claire,PW,2026-09-13T00:00:00
613825,Gagné,Françoise,VE,2026-09-13T00:00:00
547973,Boulanger,Julien,NO,2026-09-13T00:00:00
556264,Lebel,Antoine,BI,2026-09-13T00:00:00
843559,Lauzon,Emmanuel,YE,2026-09-13T00:00:00
113491,Hébert,Monique,KP,2026-09-13T00:00:00
701145,Vézina,Michèle,NZ,2026-09-13T00:00:00
146682,Bernier,Sylvie,IL,2026-09-13T00:00:00
414213,Provost,Louise,IQ,2026-09-13T00:00:00
582645,Marcotte,Nathalie,SV,2026-09-13T00:00:00
752028,Boudreau,Guy,VN,2026-09-13T00:00:00
331932,Leblanc,Valérie,NL,2026-09-13T00:00:00
365582,Paquin,Olivier,TN,2026-09-13T00:00:00
441720,Girard,Virginie,AZ,2026-09-13T00:00:00
517226,Labbé,Lucy,FJ,2026-09-13T00:00:00
224673,Plourde,Amélie,KZ,2026-09-13T00:00:00
919860,Drouin,Juliette,ID,2026-09-13T00:00:00
265146,Charron,Colette,VC,2026-09-13T00:00:00
526333,Chabot,Laurent,TV,2026-09-13T00:00:00
794899,Lemire,Charles,LU,2026-09-13T00:00:00
783896,Doucet,Thérèse,CH,2026-09-13T00:00:00
342309,Noël,Dorothée,HU,2026-09-13T00:00:00
727103,Turcotte,Luc,SK,2026-09-13T00:00:00
610079,Allard,Émile,IE,2026-09-13T00:00:00
554315,Larocque,Victor,PG,2026-09-13T00:00:00
871532,Lacroix,Pauline,EG,2026-09-13T00:00:00
981094,Fillion,Clémence,ME,2026-09-13T00:00:00
561722,Villeneuve,Marcelle,CA,2026-09-13T00:00:00
826257,Labonté,Jeannine,PY,2026-09-13T00:00:00
414412,Maltais,Mathieu,KP,2026-09-13T00:00:00
867756,Lemieux,Christelle,FM,2026-09-13T00:00:00
140739,Provost,Jeannine,GA,2026-09-13T00:00:00
288040,Desrosiers,Jacques,SA,2026-09-13T00:00:00
814766,Drouin,Martine,BA,2026-09-13T00:00:00
831593,Bélanger,Astrid,AM,2026-09-13T00:00:00
257146,Simard,Zoé,BS,2026-09-13T00:00:00
717972,Audet,Hélène,CV,2026-09-13T00:00:00
116340,Grégoire,Patrick,MN,2026-09-13T00:00:00
331699,Picard,Karine,PW,2026-09-13T00:00:00
459520,Dion,Jonathan,RS,2026-09-13T00:00:00
808032,Fournier,Colette,AZ,2026-09-13T00:00:00
639818,Dallaire,Océane,ER,2026-09-13T00:00:00
241106,Thibault,Hélène,LK,2026-09-13T00:00:00
622451,Deschênes,Sarah,LB,2026-09-13T00:00:00
154513,Pelletier,Paul,LA,2026-09-13T00:00:00
995961,Laplante,Constance,IL,2026-09-13T00:00:00
494494,Raymond,Stéphanie,VU,2026-09-13T00:00:00
238642,Cloutier,Benjamin,BR,2026-09-13T00:00:00
170308,Bernier,Josette,LY,2026-09-13T00:00:00
993951,Boulanger,Louis,CA,2026-09-13T00:00:00
123614,Thériault,Marcel,CF,2026-09-13T00:00:00
426260,Turcotte,Rosalie,EG,2026-09-13T00:00:00
539780,Renaud,Kevin,LC,2026-09-13T00:00:00
298383,Rioux,Aurore,BY,2026-09-13T00:00:00
430837,Denis,Alexis,MK,2026-09-13T00:00:00
993433,Dumont,Daniel,IE,2026-09-13T00:00:00
950420,Lafontaine,Christelle,GH,2026-09-13T00:00:00
765466,Bolduc,Stéphanie,GW,2026-09-13T00:00:00
269154,Desrochers,Christiane,TH,2026-09-13T00:00:00
427356,Savoie,Sébastien,AF,2026-09-13T00:00:00
735540,Lessard,Mathieu,MA,2026-09-13T00:00:00
370925,Trudel,Nathan,VC,2026-09-13T00:00:00
390610,Vincent,Aurélie,VA,2026-09-13T00:00:00
169842,Demers,André,AT,2026-09-13T00:00:00
134847,Asselin,Timothée,VU,2026-09-13T00:00:00
108940,Allard,Alain,CZ,2026-09-13T00:00:00
607389,Dufour,Odette,FJ,2026-09-13T00:00:00
847430,Lapointe,Joséphine,DM,2026-09-13T00:00:00
321769,Dionne,Louise,AO,2026-09-13T00:00:00
361295,Turgeon,Lucie,TM,2026-09-13T00:00:00
614275,Beaudoin,Célina,EE,2026-09-13T00:00:00
685556,Bouchard,Georges,GY,2026-09-13T00:00:00
259187,Fontaine,Kevin,SN,2026-09-13T00:00:00
536242,Caron,Gilles,SG,2026-09-13T00:00:00
530685,Larose,Marc,CF,2026-09-13T00:00:00
700892,Émond,Laurence,GM,2026-09-13T00:00:00
193351,Pouliot,Mathieu,CG,2026-09-13T00:00:00
229395,Lavallée,Caroline,PG,2026-09-13T00:00:00
913799,Grenier,Anouk,TR,2026-09-13T00:00:00
301868,Lachapelle,Benoît,MA,2026-09-13T00:00:00
990895,Trottier,Stéphane,BI,2026-09-13T00:00:00
812304,Lessard,Maryse,AO,2026-09-13T00:00:00
855288,Duchesne,Claude,CN,2026-09-13T00:00:00
322964,Savoie,Rosalie,PH,2026-09-13T00:00:00
417506,Simard,Jeanne,AE,2026-09-13T00:00:00
898307,Paquette,Émile,CN,2026-09-13T00:00:00
590242,Lemay,Alexandre,KG,2026-09-13T00:00:00
389823,Ménard,Michel,SC,2026-09-13T00:00:00
611001,Duguay,Raphaël,CO,2026-09-13T00:00:00
797157,Allard,Yves,ER,2026-09-13T00:00:00
584553,Gendron,Raymond,KN,2026-09-13T00:00:00
255312,Émond,Jules,VN,2026-09-13T00:00:00
976845,Lemire,Gilles,BY,2026-09-13T00:00:00
905152,Létourneau,Marc,JP,2026-09-13T00:00:00
189345,Vincent,Élodie,SN,2026-09-13T00:00:00
285246,Lavoie,Benjamin,MM,2026-09-13T00:00:00
268083,Raymond,Henriette,KN,2026-09-13T00:00:00
915556,Piché,Karine,CV,2026-09-13T00:00:00
349858,Chabot,Jacques,NR,2026-09-13T00:00:00
753728,Blouin,Roland,KE,2026-09-13T00:00:00
101060,Bérubé,Geneviève,BW,2026-09-13T00:00:00
510586,Cloutier,Lucie,SV,2026-09-13T00:00:00
223191,Thibault,Caroline,TO,2026-09-13T00:00:00
431498,Giroux,Alain,TH,2026-09-13T00:00:00
419025,Martin,Caroline,PE,2026-09-13T00:00:00
312565,Giroux,Roger,BW,2026-09-13T00:00:00
115047,Gaudreault,Danielle,BT,2026-09-13T00:00:00
343693,Houle,Monique,SI,2026-09-13T00:00:00
454979,Denis,Laurie,HU,2026-09-13T00:00:00
690817,Soucy,Andrée,KI,2026-09-13T00:00:00
891904,Godin,Andrée,SZ,2026-09-13T00:00:00
155814,Trottier,Arthur,PG,2026-09-13T00:00:00
666537,Nadeau,Laetitia,PG,2026-09-13T00:00:00
705341,Paquette,Emmanuelle,IL,2026-09-13T00:00:00
628754,Larocque,Sébastien,BH,2026-09-13T00:00:00
240294,Fillion,Jean,LY,2026-09-13T00:00:00
752918,Gervais,Marianne,CA,2026-09-13T00:00:00
532433,Morin,Jérôme,GH,2026-09-13T00:00:00
411205,Vézina,Jacqueline,FM,2026-09-13T00:00:00
866082,Fillion,Jessica,AG,2026-09-13T00:00:00
734866,Paquin,Jérôme,ZW,2026-09-13T00:00:00
129481,Savoie,Henri,VA,2026-09-13T00:00:00
191467,Fontaine,Lucy,IL,2026-09-13T00:00:00
239816,Delisle,Jeanne,EE,2026-09-13T00:00:00
411681,Lussier,Luc,ID,2026-09-13T00:00:00
281397,Cyr,Henri,KI,2026-09-13T00:00:00
231462,Hamel,Sarah,KN,2026-09-13T00:00:00
266428,Thibault,William,CZ,2026-09-13T00:00:00
925213,Dionne,Martine,BR,2026-09-13T00:00:00
674266,Beaudoin,Zoé,OM,2026-09-13T00:00:00
526201,Forget,Nicole,VU,2026-09-13T00:00:00
977150,Paquin,Paul,JO,2026-09-13T00:00:00
506759,Lamontagne,Jacques,BD,2026-09-13T00:00:00
478360,Raymond,Paul,PE,2026-09-13T00:00:00
443353,Dupuis,Victor,BZ,2026-09-13T00:00:00
919314,Fortin,Julie,VE,2026-09-13T00:00:00
775976,Bisson,Laurent,SI,2026-09-13T00:00:00
610684,Proulx,Marcelle,CM,2026-09-13T00:00:00
986044,Marcoux,Isabelle,GY,2026-09-13T00:00:00
906514,Richard,Patricia,KW,2026-09-13T00:00:00
600685,Lalonde,Michelle,ET,2026-09-13T00:00:00
948279,Paré,Jacqueline,MX,2026-09-13T00:00:00
125094,Marchand,Lucie,TL,2026-09-13T00:00:00
526930,Labonté,Laetitia,BN,2026-09-13T00:00:00
906027,Larivière,Charles,BB,2026-09-13T00:00:00
732497,Gélinas,Zoé,NR,2026-09-13T00:00:00
707598,Martineau,Lucy,AL,2026-09-13T00:00:00
786074,Vachon,Vanessa,SB,2026-09-13T00:00:00
593716,Tardif,Grégoire,BA,2026-09-13T00:00:00
857366,Tardif,Jules,GN,2026-09-13T00:00:00
435196,Laflamme,Tristan,PG,2026-09-13T00:00:00
291889,Audet,Simone,UY,2026-09-13T00:00:00
886991,Coulombe,Charles,AU,2026-09-13T00:00:00
469736,Vallée,Margaret,ET,2026-09-13T00:00:00
441753,Dumont,Amélie,GM,2026-09-13T00:00:00
610945,Patel,Laurence,CL,2026-09-13T00:00:00
848168,Demers,Joséphine,GR,2026-09-13T00:00:00
306881,Landry,Pénélope,KI,2026-09-13T00:00:00
885245,Tanguay,Sylvie,BJ,2026-09-13T00:00:00
447392,Boucher,Jérôme,CH,2026-09-13T00:00:00
643653,Fortier,Sarah,RU,2026-09-13T00:00:00
776742,Marchand,Catherine,VC,2026-09-13T00:00:00
513199,Goulet,Céline,PL,2026-09-13T00:00:00
999058,Bisson,Édith,LT,2026-09-13T00:00:00
892950,Bolduc,Émile,FM,2026-09-13T00:00:00
553481,Boucher,Nicolas,TL,2026-09-13T00:00:00
534066,Blais,Rosalie,TN,2026-09-13T00:00:00
572103,Gagnon,Catherine,DO,2026-09-13T00:00:00
404522,Houde,Benoît,SI,2026-09-13T00:00:00
934717,St-Jean,Christelle,LC,2026-09-13T00:00:00
275326,Boucher,Gabriel,CF,2026-09-13T00:00:00
123086,Girard,Marcel,SV,2026-09-13T00:00:00
787978,Larouche,David,AU,2026-09-13T00:00:00
671752,Létourneau,Patricia,MV,2026-09-13T00:00:00
385003,Blanchette,Nathan,PK,2026-09-13T00:00:00
899599,Giguère,Denise,BT,2026-09-13T00:00:00
198888,Cyr,Célina,MM,2026-09-13T00:00:00
695004,Sirois,Benoît,DK,2026-09-13T00:00:00
366873,Ferland,Joséphine,ES,2026-09-13T00:00:00
959985,Labrecque,Maryse,CI,2026-09-13T00:00:00
366423,Beaudoin,Yves,NA,2026-09-13T00:00:00
771362,Duchesne,Daniel,RO,2026-09-13T00:00:00
269052,Lacroix,Zacharie,ET,2026-09-13T00:00:00
138144,Mercier,Martine,FR,2026-09-13T00:00:00
685459,Asselin,Virginie,GN,2026-09-13T00:00:00
195124,Denis,Guillaume,SR,2026-09-13T00:00:00
302692,Thibodeau,Georges,DE,2026-09-13T00:00:00
650062,Grégoire,Lucas,BT,2026-09-13T00:00:00
799316,Grégoire,René,TJ,2026-09-13T00:00:00
842560,Mathieu,André,YE,2026-09-13T00:00:00
906470,Marchand,Simone,GM,2026-09-13T00:00:00
573568,Dubois,Yves,FI,2026-09-13T00:00:00
328310,Blais,Emma,MU,2026-09-13T00:00:00
210330,Larose,Lucy,NP,2026-09-13T00:00:00
818791,Richard,Patrick,HR,2026-09-13T00:00:00
581645,Lemire,Patrick,UA,2026-09-13T00:00:00
614540,Perreault,Nathan,MX,2026-09-13T00:00:00
179626,Beauchamp,Constance,VA,2026-09-13T00:00:00
174502,Labelle,Susanne,RO,2026-09-13T00:00:00
233811,Roy,Diane,NG,2026-09-13T00:00:00
159713,Boily,Jessica,PW,2026-09-13T00:00:00
602759,Tanguay,Laurie,CH,2026-09-13T00:00:00
791035,Charette,Jeannine,HN,2026-09-13T00:00:00
858667,Renaud,Nathan,CR,2026-09-13T00:00:00
805902,Goulet,Richard,SY,2026-09-13T00:00:00
543040,Audet,Juliette,BH,2026-09-13T00:00:00
529548,Gervais,Mathilde,CA,2026-09-13T00:00:00
389993,Coulombe,Catherine,MK,2026-09-13T00:00:00
370932,Morin,Agnès,LS,2026-09-13T00:00:00
965304,Lacasse,Guy,SO,2026-09-13T00:00:00
404842,Gendron,Bertrand,BS,2026-09-13T00:00:00
622371,Nadeau,Sarah,GE,2026-09-13T00:00:00
958518,Bilodeau,Jacqueline,NI,2026-09-13T00:00:00
994939,Martin,Monique,AM,2026-09-13T00:00:00
881665,Bégin,Henriette,PY,2026-09-13T00:00:00
619936,Daigle,Maurice,QA,2026-09-13T00:00:00
568438,Fortin,Henri,MD,2026-09-13T00:00:00
740754,Provost,Élise,LC,2026-09-13T00:00:00
794269,Labrecque,Daniel,SO,2026-09-13T00:00:00
308162,Beaudry,Jessica,FI,2026-09-13T00:00:00
452449,Carrier,Nathalie,NG,2026-09-13T00:00:00
520592,Bilodeau,Kevin,UZ,2026-09-13T00:00:00
533789,Cyr,Paul,KG,2026-09-13T00:00:00
169722,Bégin,Étienne,CI,2026-09-13T00:00:00
354561,Perron,Véronique,MU,2026-09-13T00:00:00
846552,Prévost,Michèle,ML,2026-09-13T00:00:00
462666,Vézina,Sophie,JP,2026-09-13T00:00:00
861307,Dion,Samuel,KN,2026-09-13T00:00:00
627111,Marcotte,Patrick,FR,2026-09-13T00:00:00
524950,Blouin,Rémy,CF,2026-09-13T00:00:00
654367,Harvey,Mathieu,FJ,2026-09-13T00:00:00
315870,Turcotte,Lucy,SK,2026-09-13T00:00:00
307762,Trudel,Clémence,GQ,2026-09-13T00:00:00
558172,Turcotte,Édith,LU,2026-09-13T00:00:00
159771,Lavigne,Frédéric,ET,2026-09-13T00:00:00
357341,Lessard,Thérèse,BW,2026-09-13T00:00:00
110204,Proulx,Océane,AE,2026-09-13T00:00:00
250531,Desjardins,Grégoire,TJ,2026-09-13T00:00:00
286665,Bolduc,Tristan,FR,2026-09-13T00:00:00
975219,Pouliot,Victor,ZM,2026-09-13T00:00:00
541187,Lavigne,Julien,FI,2026-09-13T00:00:00
221636,Giroux,Daniel,RU,2026-09-13T00:00:00
109084,Plante,Théodore,LK,2026-09-13T00:00:00
762959,Richer,Alain,IS,2026-09-13T00:00:00
635590,Boisvert,Martine,CY,2026-09-13T00:00:00
488566,Marcoux,Émilie,CA,2026-09-13T00:00:00
947196,Chartrand,Constance,SR,2026-09-13T00:00:00
554808,Carrier,Lucy,AR,2026-09-13T00:00:00
318136,Fortier,Paul,FJ,2026-09-13T00:00:00
501762,Coulombe,Jeanne,NO,2026-09-13T00:00:00
186717,Maltais,Marianne,PK,2026-09-13T00:00:00
902450,Fortin,Paulette,IN,2026-09-13T00:00:00
787926,Desbiens,Jeanne,ET,2026-09-13T00:00:00
667738,Lemire,Emmanuelle,WS,2026-09-13T00:00:00
437512,Roy,Louise,GA,2026-09-13T00:00:00
918022,Grenier,Timothée,KW,2026-09-13T00:00:00
802111,Rioux,Diane,NR,2026-09-13T00:00:00
190538,Lacroix,Vanessa,SZ,2026-09-13T00:00:00
894518,Leduc,Guillaume,EE,2026-09-13T00:00:00
340323,Legault,Agnès,LY,2026-09-13T00:00:00
251306,Létourneau,Mélanie,HR,2026-09-13T00:00:00
381578,St-Pierre,Camille,CU,2026-09-13T00:00:00
788227,Beauchamp,Nathalie,SB,2026-09-13T00:00:00
459503,Lapointe,Christelle,NR,2026-09-13T00:00:00
687416,Auger,Marianne,MC,2026-09-13T00:00:00
220077,Giguère,Lucie,CO,2026-09-13T00:00:00
892475,Ouellet,Raymond,LC,2026-09-13T00:00:00
931214,Boucher,Guy,ST,2026-09-13T00:00:00
905496,Fréchette,Amélie,CV,2026-09-13T00:00:00
122086,Desjardins,Sarah,VN,2026-09-13T00:00:00
881261,Chouinard,Karine,MK,2026-09-13T00:00:00
451439,Provost,Kevin,RS,2026-09-13T00:00:00
459743,Dufresne,Robert,TD,2026-09-13T00:00:00
561057,Boisvert,Timothée,TR,2026-09-13T00:00:00
870296,Gosselin,Olivia,NO,2026-09-13T00:00:00
873912,Thibault,Renée,CZ,2026-09-13T00:00:00
389238,Guay,Bertrand,ME,2026-09-13T00:00:00
385203,Fortier,Monique,KP,2026-09-13T00:00:00
506371,Bélanger,Bertrand,BZ,2026-09-13T00:00:00
644972,Dionne,Simone,LC,2026-09-13T00:00:00
882790,Dupuis,Laurence,GN,2026-09-13T00:00:00
500456,Lacasse,Roger,KM,2026-09-13T00:00:00
272579,Lacasse,Jérôme,AD,2026-09-13T00:00:00
110936,Rousseau,Théodore,FM,2026-09-13T00:00:00
560875,Harvey,Édouard,AU,2026-09-13T00:00:00
436922,Rodrigue,Caroline,KI,2026-09-13T00:00:00
830294,Gaudreault,Gilbert,JO,2026-09-13T00:00:00
843253,Forget,Maryse,AL,2026-09-13T00:00:00
185880,Lamoureux,Émile,GQ,2026-09-13T00:00:00
145130,Lalonde,Marcel,AD,2026-09-13T00:00:00
330386,Lauzon,Océane,TR,2026-09-13T00:00:00
571431,Gingras,Célina,CU,2026-09-13T00:00:00
809919,Tanguay,Juliette,CA,2026-09-13T00:00:00
949347,Blanchette,Denis,CH,2026-09-13T00:00:00
497650,Leblanc,Joséphine,MM,2026-09-13T00:00:00
775335,Noël,Catherine,BN,2026-09-13T00:00:00
289051,Pouliot,Jacques,MM,2026-09-13T00:00:00
278435,Lemieux,Sarah,LC,2026-09-13T00:00:00
281303,Boivin,Marianne,NE,2026-09-13T00:00:00
981409,Asselin,Rémy,RU,2026-09-13T00:00:00
531082,Duval,Constance,BN,2026-09-13T00:00:00
997606,Benoît,Philippe,MX,2026-09-13T00:00:00
737098,Auger,Véronique,NA,2026-09-13T00:00:00
810553,Gosselin,Alexis,OM,2026-09-13T00:00:00
812405,Lafontaine,Gilles,RU,2026-09-13T00:00:00
180778,Marcotte,Nicolas,HN,2026-09-13T00:00:00
660745,Gaudreault,Marcel,PH,2026-09-13T00:00:00
750561,Raymond,Martin,PW,2026-09-13T00:00:00
279726,Prévost,Lucy,SO,2026-09-13T00:00:00
909407,Blanchette,Éric,PG,2026-09-13T00:00:00
142840,Lapointe,Roger,MU,2026-09-13T00:00:00
263188,Lepage,Sophie,AM,2026-09-13T00:00:00
718671,Lambert,René,SG,2026-09-13T00:00:00
942762,Gervais,Margot,AR,2026-09-13T00:00:00
546932,Jean,Timothée,TN,2026-09-13T00:00:00
904990,Auger,Patrick,GM,2026-09-13T00:00:00
124058,Plante,Colette,MV,2026-09-13T00:00:00
884615,Bertrand,Laurie,EG,2026-09-13T00:00:00
720200,Caron,Frédérique,US,2026-09-13T00:00:00
774235,Trottier,Colette,CN,2026-09-13T00:00:00
945384,Thibodeau,Dominique,ST,2026-09-13T00:00:00
867447,Vézina,Audrey,VE,2026-09-13T00:00:00
645288,Delisle,Maxime,CU,2026-09-13T00:00:00
838784,Boivin,Alexis,RW,2026-09-13T00:00:00
289721,St-Jean,Michelle,VE,2026-09-13T00:00:00
116820,Provencher,Astrid,BI,2026-09-13T00:00:00
313371,Dupuis,Paul,LC,2026-09-13T00:00:00
291382,Bernard,Roland,GH,2026-09-13T00:00:00
163433,Lussier,Théodore,TZ,2026-09-13T00:00:00
434378,Provencher,Simone,OM,2026-09-13T00:00:00
191840,Caron,Bertrand,CL,2026-09-13T00:00:00
211284,Blanchette,Rémy,PG,2026-09-13T00:00:00
226614,Cormier,Claire,LY,2026-09-13T00:00:00
256822,Villeneuve,Théodore,EE,2026-09-13T00:00:00
925166,Cormier,Gilles,MU,2026-09-13T00:00:00
295145,Lebel,Valérie,SV,2026-09-13T00:00:00
213173,Desrochers,Lucie,LA,2026-09-13T00:00:00
971571,Marcotte,Vincent,SR,2026-09-13T00:00:00
116925,Racine,Astrid,SC,2026-09-13T00:00:00
355203,Harvey,Claudine,PT,2026-09-13T00:00:00
105845,Therrien,Hugues,MZ,2026-09-13T00:00:00
683505,Dufresne,Lorraine,GW,2026-09-13T00:00:00
750263,Bergeron,Laurie,BT,2026-09-13T00:00:00
508541,Bélanger,Alain,RW,2026-09-13T00:00:00
567882,Plante,Henri,CZ,2026-09-13T00:00:00
170650,Lapierre,Élisabeth,LC,2026-09-13T00:00:00
251542,Parent,Emmanuelle,LU,2026-09-13T00:00:00
794459,Gauthier,Hugues,MG,2026-09-13T00:00:00
270604,Trottier,Valérie,TG,2026-09-13T00:00:00
742626,Fortier,Mathieu,SL,2026-09-13T00:00:00
864410,Picard,Thérèse,YE,2026-09-13T00:00:00
884203,Dumont,Denise,ID,2026-09-13T00:00:00
598918,Bouchard,Christine,NA,2026-09-13T00:00:00
605784,Lebel,Juliette,BT,2026-09-13T00:00:00
834533,Hébert,Christelle,HR,2026-09-13T00:00:00
181027,Blanchette,Dorothée,ZW,2026-09-13T00:00:00
755614,Lepage,Zacharie,TZ,2026-09-13T00:00:00
214288,Smith,David,NO,2026-09-13T00:00:00
292287,Fillion,Diane,AE,2026-09-13T00:00:00
191859,Rivard,Louise,ES,2026-09-13T00:00:00
668678,Audet,Joséphine,TW,2026-09-13T00:00:00
420140,Lebel,Élodie,WS,2026-09-13T00:00:00
842399,Lessard,Juliette,BH,2026-09-13T00:00:00
382070,Duguay,Lucas,MV,2026-09-13T00:00:00
268857,Desrochers,Maude,GD,2026-09-13T00:00:00
984459,Giguère,Maurice,TT,2026-09-13T00:00:00
624438,Nadeau,Laurie,BN,2026-09-13T00:00:00
937023,Martineau,Anne,UZ,2026-09-13T00:00:00
934023,Houde,Pénélope,DK,2026-09-13T00:00:00
250040,Croteau,Constance,MZ,2026-09-13T00:00:00
730577,Piché,Amélie,TL,2026-09-13T00:00:00
321805,Dufour,Stéphane,LB,2026-09-13T00:00:00
483465,Lachapelle,Olivier,SC,2026-09-13T00:00:00
216450,Desrochers,Susanne,DM,2026-09-13T00:00:00
856703,Rodrigue,Chantal,HU,2026-09-13T00:00:00
254754,Labbé,Louise,AZ,2026-09-13T00:00:00
502279,Drouin,Georges,SD,2026-09-13T00:00:00
611977,Audet,Benoît,MC,2026-09-13T00:00:00
515876,Provencher,Charles,UA,2026-09-13T00:00:00
246080,Carrier,Renée,BH,2026-09-13T00:00:00
437114,Duguay,Nicolas,AZ,2026-09-13T00:00:00
127486,Rioux,Véronique,ML,2026-09-13T00:00:00
283497,Fortier,Émile,ZA,2026-09-13T00:00:00
765194,Beauchamp,Maxime,HN,2026-09-13T00:00:00
893875,Beaudry,Sylvie,US,2026-09-13T00:00:00
724500,Lemay,Thomas,EE,2026-09-13T00:00:00
311131,Lachapelle,Laurie,DK,2026-09-13T00:00:00
995895,Bolduc,Raphaël,SB,2026-09-13T00:00:00
455273,Desbiens,Jonathan,HN,2026-09-13T00:00:00
389559,Lamoureux,Margot,IQ,2026-09-13T00:00:00
435848,Leblanc,Martin,PS,2026-09-13T00:00:00
181000,Guay,Frédéric,MT,2026-09-13T00:00:00
237190,Vézina,Lucas,TL,2026-09-13T00:00:00
220539,Croteau,Antoine,AM,2026-09-13T00:00:00
342127,Hamel,Étienne,CI,2026-09-13T00:00:00
576466,Boucher,Brigitte,BR,2026-09-13T00:00:00
818763,Roberge,Odette,BR,2026-09-13T00:00:00
124992,Hébert,Claire,ER,2026-09-13T00:00:00
369135,Létourneau,Amélie,TW,2026-09-13T00:00:00
640957,Roy,Lucie,DJ,2026-09-13T00:00:00
654854,Simard,Michelle,MZ,2026-09-13T00:00:00
159828,Fréchette,Vanessa,KR,2026-09-13T00:00:00
173025,Brassard,Lucie,GE,2026-09-13T00:00:00
413366,Bergeron,Michel,AM,2026-09-13T00:00:00
237749,Patel,Nicole,GB,2026-09-13T00:00:00
279576,Beaudry,Nicole,TN,2026-09-13T00:00:00
993230,Paquette,Camille,GH,2026-09-13T00:00:00
471342,Houde,Raphaël,US,2026-09-13T00:00:00
476544,Richer,Célina,UA,2026-09-13T00:00:00
114655,Savard,Robert,MD,2026-09-13T00:00:00
300165,Vincent,Dorothée,HU,2026-09-13T00:00:00
856483,Desrochers,Christelle,JM,2026-09-13T00:00:00
866557,Tremblay,Richard,DZ,2026-09-13T00:00:00
641310,Fontaine,Stéphanie,TZ,2026-09-13T00:00:00
155365,Lussier,Denise,LS,2026-09-13T00:00:00
392118,Vézina,Henriette,SC,2026-09-13T00:00:00
790130,Larose,Monique,MT,2026-09-13T00:00:00
344986,St-Onge,Sylvie,BI,2026-09-13T00:00:00
514050,Fortin,Émile,KP,2026-09-13T00:00:00
757985,Charron,Frédérique,MG,2026-09-13T00:00:00
966386,Couture,Luc,IN,2026-09-13T00:00:00
580713,Beaudry,Marc,VA,2026-09-13T00:00:00
316542,Durand,Daniel,UG,2026-09-13T00:00:00
147300,Chabot,Xavier,SZ,2026-09-13T00:00:00
427444,Vézina,Paul,SB,2026-09-13T00:00:00
892247,Dionne,Raymond,BH,2026-09-13T00:00:00
651693,Provencher,René,ER,2026-09-13T00:00:00
425523,Tessier,Maxime,GH,2026-09-13T00:00:00
596071,Girard,Nathalie,SC,2026-09-13T00:00:00
582548,Drouin,Pauline,MZ,2026-09-13T00:00:00
583403,Raymond,Tristan,PK,2026-09-13T00:00:00
863728,Drolet,Dominique,TW,2026-09-13T00:00:00
512828,Richard,Constance,RO,2026-09-13T00:00:00
642360,Jacques,Julie,HR,2026-09-13T00:00:00
350260,Tessier,Zoé,KP,2026-09-13T00:00:00
410863,Lessard,Raymond,PY,2026-09-13T00:00:00
339954,Robert,Yves,TM,2026-09-13T00:00:00
962301,Lacroix,Gérard,TR,2026-09-13T00:00:00
347726,Savoie,Gabriel,LV,2026-09-13T00:00:00
251630,Charette,William,HR,2026-09-13T00:00:00
768273,Lachance,Rosalie,SI,2026-09-13T00:00:00
818730,Bergeron,Zoé,KN,2026-09-13T00:00:00
735159,Harvey,Camille,PK,2026-09-13T00:00:00
258281,Noël,Christine,CF,2026-09-13T00:00:00
522170,Larouche,Jeannine,SR,2026-09-13T00:00:00
517203,Lavoie,Marcel,SE,2026-09-13T00:00:00
932360,Thibault,Caroline,PY,2026-09-13T00:00:00
103193,Michaud,Richard,GR,2026-09-13T00:00:00
790886,Asselin,Élodie,UZ,2026-09-13T00:00:00
881799,Robitaille,Gabrielle,SZ,2026-09-13T00:00:00
573744,Charbonneau,Bertrand,TM,2026-09-13T00:00:00
434066,Gosselin,Lucas,MR,2026-09-13T00:00:00
374884,Bilodeau,Emma,CL,2026-09-13T00:00:00
157055,Pouliot,Samuel,GD,2026-09-13T00:00:00
876502,Durand,Jacqueline,CH,2026-09-13T00:00:00
350144,Desjardins,Hortense,BN,2026-09-13T00:00:00
922323,Trépanier,Céline,NL,2026-09-13T00:00:00
357180,Beauregard,Thérèse,IR,2026-09-13T00:00:00
534075,Bernard,Jacques,KR,2026-09-13T00:00:00
892374,Hamel,Véronique,MA,2026-09-13T00:00:00
193335,Beauregard,Margaret,CY,2026-09-13T00:00:00
678317,Boulanger,Paulette,TD,2026-09-13T00:00:00
786521,Beauregard,Hélène,ST,2026-09-13T00:00:00
691839,Hébert,Agnès,KR,2026-09-13T00:00:00
629834,Maltais,Richard,NZ,2026-09-13T00:00:00
408571,Blais,Stéphanie,CH,2026-09-13T00:00:00
929128,Simard,Pénélope,MV,2026-09-13T00:00:00
756486,Asselin,Martin,MZ,2026-09-13T00:00:00
723513,Daigle,Tristan,AR,2026-09-13T00:00:00
118584,Couture,Gilbert,NR,2026-09-13T00:00:00
626857,Charette,Bernard,AG,2026-09-13T00:00:00
554259,Gélinas,Camille,AE,2026-09-13T00:00:00
154679,Dubé,Alexandre,CU,2026-09-13T00:00:00
526524,Paquette,Lucie,GE,2026-09-13T00:00:00
140123,Gaudreault,Christine,SI,2026-09-13T00:00:00
856081,Smith,Renée,KN,2026-09-13T00:00:00
292517,Renaud,Nathalie,RS,2026-09-13T00:00:00
